{"step": 333, "value": 209.94484572644, "global_avg": 209.94484572644, "meidan": 209.94484572644, "avg": 209.94484572644}
{"step": 666, "value": 204.564030154443, "global_avg": 207.2544379404415, "meidan": 207.2544379404415, "avg": 207.2544379404415}
{"step": 999, "value": 197.7758714656012, "global_avg": 204.0949157821614, "meidan": 204.564030154443, "avg": 204.0949157821614}
{"step": 1332, "value": 202.60320523068555, "global_avg": 203.72198814429242, "meidan": 203.58361769256427, "avg": 203.72198814429242}
{"step": 1665, "value": 200.3100100216428, "global_avg": 203.0395925197625, "meidan": 202.60320523068555, "avg": 203.0395925197625}
{"step": 1998, "value": 200.12568285826615, "global_avg": 202.55394090951313, "meidan": 201.45660762616416, "avg": 202.55394090951313}
{"step": 2331, "value": 200.30383202513235, "global_avg": 202.23249678317302, "meidan": 200.3100100216428, "avg": 202.23249678317302}
{"step": 2664, "value": 201.22693607885918, "global_avg": 202.10680169513378, "meidan": 200.76847305025098, "avg": 202.10680169513378}
{"step": 2997, "value": 201.51847175554053, "global_avg": 202.04143170184565, "meidan": 201.22693607885918, "avg": 202.04143170184565}
{"step": 3330, "value": 202.27713109839453, "global_avg": 202.06500164150052, "meidan": 201.37270391719986, "avg": 202.06500164150052}
{"step": 3663, "value": 202.07548554516882, "global_avg": 202.06595472365217, "meidan": 201.51847175554053, "avg": 202.06595472365217}
{"step": 3996, "value": 201.13940869391865, "global_avg": 201.9887425545077, "meidan": 201.37270391719986, "avg": 201.9887425545077}
{"step": 4329, "value": 200.54621202035113, "global_avg": 201.8777786672649, "meidan": 201.22693607885918, "avg": 201.8777786672649}
{"step": 4662, "value": 200.8818315421484, "global_avg": 201.80663958689942, "meidan": 201.18317238638892, "avg": 201.80663958689942}
{"step": 4995, "value": 200.43634906427707, "global_avg": 201.7152868853913, "meidan": 201.13940869391865, "avg": 201.7152868853913}
{"step": 5328, "value": 201.58006195207287, "global_avg": 201.70683532705888, "meidan": 201.18317238638892, "avg": 201.7068353270589}
{"step": 5661, "value": 200.8764532627815, "global_avg": 201.65798932327786, "meidan": 201.13940869391865, "avg": 201.6579893232779}
{"step": 5994, "value": 200.2306173512215, "global_avg": 201.57869088038584, "meidan": 201.01062011803353, "avg": 201.57869088038586}
{"step": 6327, "value": 197.81087086980148, "global_avg": 201.3803845640393, "meidan": 200.8818315421484, "avg": 201.38038456403933}
{"step": 6660, "value": 197.709564636854, "global_avg": 201.19684356768002, "meidan": 200.87914240246494, "avg": 201.19684356768005}
{"step": 6993, "value": 195.61533530162444, "global_avg": 200.9310574597726, "meidan": 200.71133264156632, "avg": 200.48036804643925}
{"step": 7326, "value": 190.48112084237957, "global_avg": 200.4560603408002, "meidan": 200.4912805423141, "avg": 199.77622258083608}
{"step": 7659, "value": 185.6497620770251, "global_avg": 199.8123082423752, "meidan": 200.4912805423141, "avg": 199.16991711140727}
{"step": 7992, "value": 187.6949561890629, "global_avg": 199.3074185734872, "meidan": 200.37317954295992, "avg": 198.42450465932615}
{"step": 8325, "value": 187.84740069570788, "global_avg": 198.84901785837602, "meidan": 200.3700905447047, "avg": 197.8013741930294}
{"step": 8658, "value": 188.22033880514277, "global_avg": 198.44022251017475, "meidan": 200.3700905447047, "avg": 197.20610699037326}
{"step": 8991, "value": 186.91800216077237, "global_avg": 198.01347360834504, "meidan": 200.33348320774928, "avg": 196.53681549715523}
{"step": 9324, "value": 187.97252508024906, "global_avg": 197.6548683037702, "meidan": 199.0207441105115, "avg": 195.8740949472247}
{"step": 9657, "value": 186.71445569531298, "global_avg": 197.27761269658203, "meidan": 197.76021775332774, "avg": 195.13389414421334}
{"step": 9990, "value": 184.08276238307192, "global_avg": 196.83778435279834, "meidan": 196.66244996923922, "avg": 194.2241757084472}
{"step": 10323, "value": 183.1808032198745, "global_avg": 183.1808032198745, "meidan": 183.1808032198745, "avg": 183.1808032198745}
