{"step": 333, "value": 139.16203634587183, "global_avg": 139.16203634587183, "meidan": 139.16203634587183, "avg": 139.16203634587183}
{"step": 666, "value": 118.48807635376562, "global_avg": 128.82505634981874, "meidan": 128.82505634981874, "avg": 128.82505634981874}
{"step": 999, "value": 113.6795937899017, "global_avg": 123.77656882984638, "meidan": 118.48807635376562, "avg": 123.77656882984638}
{"step": 1332, "value": 122.03033278144846, "global_avg": 123.3400098177469, "meidan": 120.25920456760704, "avg": 123.3400098177469}
{"step": 1665, "value": 116.81102018929252, "global_avg": 122.03421189205604, "meidan": 118.48807635376562, "avg": 122.03421189205604}
{"step": 1998, "value": 107.81672700924699, "global_avg": 107.81672700924699, "meidan": 107.81672700924699, "avg": 107.81672700924699}
{"step": 2331, "value": 106.25536931940036, "global_avg": 107.03604816432367, "meidan": 107.03604816432367, "avg": 107.03604816432367}
{"step": 2664, "value": 102.66285726049853, "global_avg": 102.66285726049853, "meidan": 102.66285726049853, "avg": 102.66285726049853}
{"step": 2997, "value": 106.61435716188916, "global_avg": 106.61435716188916, "meidan": 106.61435716188916, "avg": 106.61435716188916}
{"step": 3330, "value": 99.40010819101906, "global_avg": 99.40010819101906, "meidan": 99.40010819101906, "avg": 99.40010819101906}
{"step": 3663, "value": 97.2112699844588, "global_avg": 98.30568908773893, "meidan": 98.30568908773893, "avg": 98.30568908773893}
{"step": 3996, "value": 97.08277238286072, "global_avg": 97.89805018611287, "meidan": 97.2112699844588, "avg": 97.89805018611287}
{"step": 4329, "value": 92.06198222228235, "global_avg": 96.43903319515525, "meidan": 97.14702118365976, "avg": 96.43903319515525}
{"step": 4662, "value": 91.4480384595413, "global_avg": 95.44083424803246, "meidan": 97.08277238286072, "avg": 95.44083424803246}
{"step": 4995, "value": 102.94048891403287, "global_avg": 96.69077669236587, "meidan": 97.14702118365976, "avg": 96.69077669236587}
{"step": 5328, "value": 157.4591816916003, "global_avg": 105.37197740654221, "meidan": 97.2112699844588, "avg": 105.37197740654221}
{"step": 5661, "value": 174.4399170166872, "global_avg": 114.00546985781034, "meidan": 98.30568908773893, "avg": 114.00546985781031}
{"step": 5994, "value": 166.08425022139647, "global_avg": 119.7920010093199, "meidan": 99.40010819101906, "avg": 119.7920010093199}
{"step": 6327, "value": 166.09570301336427, "global_avg": 124.42237120972433, "meidan": 101.17029855252596, "avg": 124.42237120972433}
{"step": 6660, "value": 171.8437852790725, "global_avg": 128.73340885239236, "meidan": 102.94048891403287, "avg": 128.73340885239236}
{"step": 6993, "value": 171.84378517570983, "global_avg": 132.32594021266883, "meidan": 130.19983530281658, "avg": 132.32594021266883}
{"step": 7326, "value": 171.84378522576833, "global_avg": 135.3657744444457, "meidan": 157.4591816916003, "avg": 135.3657744444457}
{"step": 7659, "value": 171.84378521792866, "global_avg": 137.97134664255162, "meidan": 161.77171595649838, "avg": 137.97134664255162}
{"step": 7992, "value": 171.84378538696893, "global_avg": 140.22950922551277, "meidan": 166.08425022139647, "avg": 140.22950922551277}
{"step": 8325, "value": 171.84378517782548, "global_avg": 142.20540147253232, "meidan": 166.0899766173804, "avg": 142.20540147253232}
{"step": 8658, "value": 171.84378524021304, "global_avg": 143.94883581180764, "meidan": 166.09570301336427, "avg": 143.94883581180764}
{"step": 8991, "value": 171.84378515048226, "global_avg": 145.4985552195118, "meidan": 168.96974408192327, "avg": 145.4985552195118}
{"step": 9324, "value": 171.84378520571923, "global_avg": 146.88514627141745, "meidan": 171.84378515048226, "avg": 146.88514627141745}
{"step": 9657, "value": 171.8437852420878, "global_avg": 148.13307821995096, "meidan": 171.84378516309604, "avg": 148.13307821995096}
{"step": 9990, "value": 171.8437852429828, "global_avg": 149.262159506762, "meidan": 171.84378517676765, "avg": 151.75526207254916}
{"step": 5328, "value": 96.77120371916294, "global_avg": 96.77120371916294, "meidan": 96.77120371916294, "avg": 96.77120371916294}
{"step": 5661, "value": 87.72303394632831, "global_avg": 92.24711883274563, "meidan": 92.24711883274563, "avg": 92.24711883274563}
{"step": 5994, "value": 96.37727974813197, "global_avg": 93.62383913787441, "meidan": 96.37727974813197, "avg": 93.62383913787441}
{"step": 6327, "value": 88.62996155874222, "global_avg": 92.37536974309137, "meidan": 92.5036206534371, "avg": 92.37536974309137}
{"step": 6660, "value": 92.46581147208715, "global_avg": 92.39345808889053, "meidan": 92.46581147208715, "avg": 92.39345808889053}
{"step": 6993, "value": 157.97671569839082, "global_avg": 103.32400102380723, "meidan": 94.42154561010956, "avg": 103.32400102380723}
{"step": 6993, "value": 102.67410677583916, "global_avg": 102.67410677583916, "meidan": 102.67410677583916, "avg": 102.67410677583916}
{"step": 7326, "value": 94.95897575086366, "global_avg": 98.81654126335141, "meidan": 98.81654126335141, "avg": 98.81654126335141}
{"step": 7659, "value": 88.95742747520282, "global_avg": 88.95742747520282, "meidan": 88.95742747520282, "avg": 88.95742747520282}
{"step": 7992, "value": 159.00936518080582, "global_avg": 123.98339632800432, "meidan": 123.98339632800432, "avg": 123.98339632800432}
{"step": 7992, "value": 91.93990997284612, "global_avg": 91.93990997284612, "meidan": 91.93990997284612, "avg": 91.93990997284612}
{"step": 8325, "value": 85.23895300314729, "global_avg": 88.5894314879967, "meidan": 88.5894314879967, "avg": 88.5894314879967}
{"step": 8658, "value": 84.11730592456468, "global_avg": 87.09872296685269, "meidan": 85.23895300314729, "avg": 87.09872296685269}
{"step": 8991, "value": 89.59757368075853, "global_avg": 87.72343564532915, "meidan": 87.41826334195291, "avg": 87.72343564532915}
{"step": 9324, "value": 86.71849037463159, "global_avg": 87.52244659118963, "meidan": 86.71849037463159, "avg": 87.52244659118963}
{"step": 9657, "value": 85.92333973995784, "global_avg": 87.255928782651, "meidan": 86.32091505729471, "avg": 87.255928782651}
{"step": 9990, "value": 85.25355703340298, "global_avg": 86.96987567561557, "meidan": 85.92333973995784, "avg": 86.96987567561557}
{"step": 10323, "value": 81.86909014480406, "global_avg": 81.86909014480406, "meidan": 81.86909014480406, "avg": 81.86909014480406}
{"step": 10656, "value": 89.37229181363645, "global_avg": 85.62069097922026, "meidan": 85.62069097922026, "avg": 85.62069097922026}
{"step": 10989, "value": 89.61919515551983, "global_avg": 86.95352570465344, "meidan": 89.37229181363645, "avg": 86.95352570465344}
